Wall time,time/total_timesteps,eval/mean_reward
1670918783.58158,1999,35.7344207763672
1670918788.05844,2499,6.00501394271851
1670918814.8674,5499,2.38922166824341
1670918832.89163,7499,1.67238438129425
1670918837.34694,7999,14.0253763198853
1670918851.10565,9499,3.79665637016296
1670918855.51258,9999,14.4407052993774
1670918874.88307,10499,0.886570155620575
1670918913.42523,11499,0.240880280733108
1670918932.8589,11999,5.19190073013306
1670918990.65892,13499,13.643928527832
1670919010.03641,13999,15.6017408370972
1670919220.5279,19499,1.70125639438629
1670919259.31023,20499,12.5782451629639
1670919394.84384,23999,11.6754274368286
1670919414.53588,24499,11.6169719696045
1670919433.70311,24999,19.4870567321777
1670919472.47569,25999,71.5051345825195
1670919531.42721,27499,26.4080467224121
1670919589.98235,28999,90.6197967529297
1670919648.82661,30499,122.874282836914
1670919668.47879,30999,99.9544677734375
1670919687.99018,31499,102.466064453125
1670919707.27708,31999,33.0073432922363
1670919746.40467,32999,98.6930618286133
1670919766.15385,33499,123.020568847656
1670919785.71834,33999,110.273170471191
1670919805.28812,34499,112.518478393555
1670919844.47262,35499,127.408309936523
1670919864.00305,35999,107.923187255859
1670919980.80462,38999,114.329399108887
1670920020.23781,39999,110.471565246582
1670920039.72976,40499,129.7138671875
1670920078.91963,41499,139.942123413086
1670920138.32633,42999,102.435111999512
1670920217.65018,44999,113.044982910156
1670920411.59433,49999,113.322525024414
1670920430.72108,50499,120.018508911133
1670920488.41357,51999,200.715270996094
1670920545.56219,53499,117.22974395752
1670920564.74218,53999,123.881568908691
1670920603.44127,54999,143.728530883789
1670920737.53774,58499,109.481033325195
1670920834.35806,60999,163.649215698242
1670920910.77323,62999,115.310516357422
1670920929.99632,63499,187.491271972656
1670920968.65712,64499,186.755813598633
1670921007.21274,65499,182.325897216797
1670921026.33722,65999,154.189712524414
1670921122.80006,68499,189.370590209961
1670921141.98211,68999,135.395202636719
1670921276.96864,72499,214.401489257812
1670921314.91252,73499,157.813064575195
1670921334.47117,73999,228.726486206055
1670921392.18858,75499,176.208053588867
1670921527.78826,78999,152.091384887695
1670921585.25224,80499,117.618072509766
1670921624.13428,81499,187.243377685547
1670921662.85563,82499,206.004852294922
1670921778.22638,85499,468.455322265625
1670921797.56227,85999,179.225021362305
1670921816.70664,86499,405.164794921875
1670921874.70005,87999,219.451019287109
1670921893.36655,88499,138.168823242188
1670921912.76372,88999,155.255325317383
1670921989.44039,90999,174.636825561523
1670922045.97392,92499,137.540008544922
1670922065.21611,92999,170.746017456055
1670922084.28052,93499,224.893966674805
1670922160.35664,95499,112.614387512207
1670922179.44618,95999,174.483810424805
1670922198.70612,96499,302.067810058594
1670922332.39742,99999,98.2486572265625
1670922389.54655,101499,129.096328735352
1670922408.49546,101999,177.198165893555
1670922427.25027,102499,61.8654403686523
1670922446.04934,102999,479.985931396484
1670922484.46202,103999,151.346557617188
1670922522.49402,104999,59.1108055114746
1670922560.25262,105999,81.4511260986328
1670922598.18179,106999,181.316558837891
1670922635.21985,107999,52.9237098693848
1670922654.29252,108499,111.380340576172
1670922711.25687,109999,162.585433959961
1670922730.34706,110499,226.749649047852
1670922749.44465,110999,197.345962524414
1670922768.41574,111499,354.312835693359
1670922806.88919,112499,173.713104248047
1670922899.37224,114999,138.1064453125
1670923089.61919,119999,190.839950561523
1670923126.96786,120999,107.143058776855
1670923184.3232,122499,177.686141967773
1670923203.62689,122999,149.469940185547
1670923222.56807,123499,201.579025268555
1670923374.38973,127499,172.265014648438
1670923449.68151,129499,157.535186767578
1670923468.6223,129999,62.5215721130371
1670923487.83387,130499,162.683700561523
1670923526.02568,131499,196.316650390625
1670923679.49233,135499,114.647071838379
1670923698.57388,135999,105.875175476074
1670923754.86893,137499,147.938735961914
1670923793.2491,138499,187.920455932617
1670923830.83331,139499,82.6207046508789
1670923869.43371,140499,141.795455932617
1670923907.85136,141499,134.786056518555
1670923927.09362,141999,102.394630432129
1670923965.33712,142999,117.504821777344
1670924003.56136,143999,83.2116012573242
1670924022.66518,144499,169.540054321289
1670924060.87998,145499,210.92578125
1670924156.16368,147999,140.232452392578
1670924175.16313,148499,117.708946228027
1670924194.33691,148999,102.189483642578
1670924213.40467,149499,156.89094543457
1670924366.42772,153499,323.294281005859
1670924404.08517,154499,240.077392578125
1670924422.84024,154999,80.2817993164063
1670924480.05104,156499,112.754035949707
1670924556.82158,158499,363.239440917969
1670924594.90524,159499,150.418930053711
1670924614.01694,159999,154.455093383789
1670924671.58202,161499,152.773361206055
1670924709.61832,162499,154.473358154297
1670924803.90052,164999,122.760848999023
1670924842.54086,165999,66.8261871337891
1670924862.02633,166499,187.506729125977
1670924956.92154,168999,178.76806640625
1670924975.50633,169499,71.2750396728516
1670925012.92167,170499,182.203720092773
1670925071.16161,171999,180.528686523438
1670925109.03268,172999,74.1962661743164
1670925128.23505,173499,129.647048950195
1670925203.93355,175499,116.68196105957
1670925242.1272,176499,426.240539550781
1670925280.54025,177499,478.243133544922
1670925357.07198,179499,174.684005737305
1670925435.91059,181499,121.001190185547
1670925455.14513,181999,163.011566162109
1670925474.23257,182499,105.443992614746
1670925493.40158,182999,142.026657104492
1670925511.50898,183499,381.343780517578
1670925530.48074,183999,135.120376586914
1670925664.99944,187499,345.125
1670925722.43913,188999,169.774948120117
1670925741.5398,189499,152.080261230469
1670925891.86076,193499,125.307304382324
1670925968.7353,195499,201.910095214844
1670925987.50338,195999,238.888671875
1670926006.65237,196499,115.369453430176
1670926025.12729,196999,267.703857421875
1670926044.48721,197499,334.114562988281
1670926101.79683,198999,87.1913528442383
1670926197.38011,201499,137.173828125
1670926235.75124,202499,112.671936035156
1670926311.96476,204499,197.301345825195
1670926331.09903,204999,374.190582275391
1670926407.34387,206999,411.236389160156
1670926426.16456,207499,96.419792175293
1670926445.38527,207999,218.489517211914
1670926502.89585,209499,49.6797714233398
1670926560.22365,210999,167.854095458984
1670926578.8411,211499,135.140518188477
1670926634.57865,212999,65.3404922485352
1670926653.70552,213499,103.099029541016
1670926729.74091,215499,261.547210693359
1670926825.93628,217999,57.6298561096191
1670926845.25649,218499,98.5328521728516
1670926864.34006,218999,274.362243652344
1670926901.34887,219999,200.699340820312
1670926920.10363,220499,329.238616943359
1670926939.49293,220999,244.460693359375
1670926977.98266,221999,337.592163085937
1670926996.90517,222499,277.9375
1670927015.56536,222999,89.8067932128906
1670927034.50952,223499,477.831695556641
1670927111.55343,225499,134.513961791992
1670927149.44408,226499,56.6493377685547
1670927168.07168,226999,114.596618652344
1670927187.07874,227499,139.893310546875
1670927224.3442,228499,109.206665039063
1670927297.95141,230499,183.116119384766
1670927316.92454,230999,369.281066894531
1670927393.66997,232999,188.850326538086
1670927412.00498,233499,131.04866027832
1670927450.135,234499,70.7376708984375
1670927488.12055,235499,319.499176025391
1670927563.52142,237499,302.514495849609
1670927582.67354,237999,133.930633544922
1670927640.26987,239499,161.182647705078
1670927659.37196,239999,237.508087158203
1670927678.32004,240499,144.131790161133
1670927697.35156,240999,201.400115966797
1670927735.60927,241999,279.270324707031
1670927754.63042,242499,71.4749603271484
1670927812.03197,243999,85.51171875
1670927831.47604,244499,75.9590835571289
1670927850.62301,244999,103.398628234863
1670927889.04933,245999,350.200592041016
1670927946.48914,247499,195.085571289063
1670928022.9159,249499,114.543754577637
1670928098.47008,251499,80.7032699584961
1670928117.55812,251999,160.395950317383
1670928175.02217,253499,233.212738037109
1670928231.71877,254999,154.722274780273
1670928250.79225,255499,143.837127685547
1670928269.45636,255999,196.325592041016
1670928288.32371,256499,476.116943359375
1670928306.95133,256999,267.9736328125
1670928326.00173,257499,194.624633789062
1670928382.73498,258999,379.513397216797
1670928401.66937,259499,163.259216308594
1670928420.6804,259999,281.451843261719
1670928439.77529,260499,323.245239257812
1670928496.8418,261999,221.778121948242
1670928629.90543,265499,345.317016601562
1670928687.49187,266999,101.193382263184
1670928706.15913,267499,89.4631652832031
1670928744.77896,268499,456.347045898437
1670928763.92962,268999,258.114105224609
1670928782.9636,269499,425.610137939453
1670928820.53392,270499,472.879608154297
1670928859.09443,271499,155.451171875
1670928898.11218,272499,117.361198425293
1670928935.40084,273499,411.361633300781
1670928954.59995,273999,289.368133544922
1670929012.00514,275499,90.463264465332
1670929050.24524,276499,96.6136169433594
1670929107.58059,277999,202.904357910156
1670929126.6941,278499,268.595947265625
1670929241.25407,281499,379.261383056641
1670929260.35175,281999,197.241088867188
1670929279.17752,282499,208.010757446289
1670929354.27358,284499,161.840789794922
1670929411.67163,285999,303.987213134766
1670929448.85052,286999,113.339416503906
1670929504.433,288499,88.189208984375
1670929580.30024,290499,268.679901123047
1670929655.50983,292499,241.096572875977
1670929674.73795,292999,397.57373046875
1670929694.09975,293499,128.046157836914
1670929731.47038,294499,453.144836425781
1670929769.7482,295499,315
1670929788.9737,295999,421.254028320313
1670929808.21863,296499,164.004180908203
1670929846.4014,297499,440.841613769531
1670929884.23801,298499,218.398040771484
1670929903.42442,298999,270.366577148437
1670929922.29079,299499,369.955444335937
1670929941.68488,299999,153.262481689453
1670929998.85809,301499,420.80029296875
1670930018.09869,301999,152.567031860352
1670930112.68885,304499,174.596649169922
1670930150.89793,305499,340.867126464844
1670930207.9451,306999,169.980239868164
1670930227.27355,307499,229.205093383789
1670930265.34989,308499,52.0396690368652
1670930303.49565,309499,135.085540771484
1670930341.54435,310499,411.318908691406
1670930379.95007,311499,315.147613525391
1670930399.22536,311999,157.682968139648
1670930455.23045,313499,251.210174560547
1670930493.32681,314499,286.038970947266
1670930512.26233,314999,60.3352890014648
1670930589.09562,316999,186.524871826172
1670930665.82561,318999,315.685668945313
1670930723.52825,320499,459.704559326172
1670930742.69091,320999,99.3606643676758
1670930761.50157,321499,179.120971679688
1670930780.68953,321999,363.333099365234
1670930799.62466,322499,295.905090332031
1670930895.12269,324999,316.905517578125
1670930933.25035,325999,68.6046752929687
1670930952.39977,326499,307.347106933594
1670930971.3689,326999,474.386199951172
1670930990.04057,327499,257.577331542969
1670931009.03073,327999,224
1670931065.75769,329499,84.2347030639649
1670931103.58938,330499,114.061164855957
1670931236.99806,333999,177.122543334961
1670931294.1184,335499,175.392807006836
1670931390.25015,337999,365.0361328125
1670931408.52128,338499,71.5329437255859
1670931427.16897,338999,287.266326904297
1670931484.67676,340499,114.853828430176
1670931523.033,341499,298.810943603516
1670931541.92248,341999,315.823699951172
1670931560.94453,342499,227.890853881836
1670931618.23981,343999,79.7317199707031
1670931713.33675,346499,102.468223571777
1670931751.2458,347499,45.0358085632324
1670931789.07758,348499,142.765884399414
1670931808.1491,348999,298.500671386719
1670931846.70365,349999,307.75390625
1670931903.32619,351499,226.780487060547
1670931922.21669,351999,110.089813232422
1670931960.44714,352999,429.403778076172
1670932037.51298,354999,202.285919189453
1670932056.76506,355499,330.803863525391
1670932094.27721,356499,75.5989227294922
1670932152.34529,357999,406.389221191406
1670932191.86052,358999,126.127708435059
1670932251.46882,360499,452.973968505859
1670932271.17818,360999,219.262603759766
1670932310.8558,361999,431.413360595703
1670932350.37695,362999,159.739715576172
1670932369.88871,363499,165.960906982422
1670932409.0484,364499,341.304656982422
1670932428.59388,364999,123.498184204102
1670932467.52227,365999,297.019226074219
1670932486.61358,366499,136.879577636719
1670932505.61422,366999,233.806396484375
1670932599.95388,369499,134.103317260742
1670932676.32533,371499,472.731231689453
1670932695.47849,371999,479.135040283203
1670932714.61824,372499,303.779266357422
1670932940.80103,378499,118.62858581543
1670932978.73509,379499,267.430541992187
1670933093.6694,382499,140.582931518555
1670933112.3369,382999,474.705749511719
1670933168.74587,384499,76.1335830688477
1670933187.87736,384999,256.134613037109
1670933244.81567,386499,343.655731201172
1670933301.57115,387999,63.0836868286133
1670933320.67365,388499,53.9364051818848
1670933358.95883,389499,207.118499755859
1670933378.11038,389999,175.737197875977
1670933397.22068,390499,475.121032714844
1670933416.06701,390999,108.310241699219
1670933435.2701,391499,286.282806396484
1670933550.12332,394499,472.566284179688
1670933607.02658,395999,91.7938537597656
1670933760.58091,399999,165.371170043945
1670933856.3565,402499,255.158447265625
1670933875.51059,402999,115.041816711426
1670933894.83169,403499,93.7193222045898
1670933914.14496,403999,333.581420898438
1670933972.07592,405499,4.55859470367432
1670934124.43543,409499,0.382016032934189
1670934143.96625,409999,107.097633361816
1670934295.70954,413999,341.7802734375
1670934315.09008,414499,2.59277939796448
1670934392.46184,416499,37.3489303588867
1670934412.17397,416999,85.2823638916016
1670934451.26568,417999,80.8578872680664
1670934470.7,418499,38.0291442871094
1670934490.27511,418999,17.8890495300293
1670934529.62133,419999,12.4108104705811
1670934549.08402,420499,54.6200866699219
1670934607.42071,421999,80.0562133789063
1670934646.54346,422999,111.98543548584
1670934741.38056,425499,190.020141601563
1670934760.17295,425999,50.7488021850586
1670934816.92455,427499,87.8417587280273
1670934875.0746,428999,87.1812744140625
1670934933.96626,430499,87.2290725708008
1670934973.36182,431499,62.8050765991211
1670935031.60644,432999,318.076477050781
1670935050.74095,433499,135.387939453125
1670935127.01721,435499,42.0766792297363
1670935146.17731,435999,218.824920654297
1670935393.10002,442499,140.462219238281
1670935412.1592,442999,141.926086425781
1670935431.27088,443499,308.907165527344
1670935507.07312,445499,263.370880126953
1670935545.32761,446499,96.8161773681641
1670935602.29733,447999,48.2961654663086
1670935639.91386,448999,304.637908935547
1670935658.97084,449499,389.9033203125
1670935716.26964,450999,79.5918045043945
1670935735.11809,451499,80.310905456543
1670935773.12906,452499,140.624603271484
1670935830.62548,453999,84.7577056884766
1670935849.3674,454499,95.911979675293
1670935887.83402,455499,342.234344482422
1670935906.8716,455999,63.6242942810059
1670935963.89861,457499,125.52759552002
1670936038.98499,459499,287.962493896484
1670936058.26654,459999,178.5595703125
1670936095.78678,460999,276.636688232422
1670936133.76585,461999,167.555801391602
1670936209.36837,463999,401.756134033203
1670936228.42918,464499,265.810333251953
1670936267.0533,465499,127.192970275879
1670936286.13803,465999,128.918792724609
1670936305.23208,466499,110.179901123047
1670936324.4089,466999,130.685775756836
1670936362.02907,467999,285.960784912109
1670936438.2925,469999,108.21989440918
1670936476.82479,470999,402.696014404297
1670936495.85646,471499,120.407752990723
1670936552.82409,472999,124.500839233398
1670936629.31894,474999,266.197601318359
1670936687.21461,476499,140.292495727539
1670936744.43761,477999,426.667785644531
1670936763.41854,478499,112.976196289063
1670936839.73054,480499,444.213897705078
1670936878.05414,481499,186.628280639648
1670936897.22488,481999,113.192123413086
1670936935.06101,482999,397.479888916016
1670936973.46993,483999,80.2259521484375
1670936992.58421,484499,96.4645614624024
1670937050.2487,485999,81.4845428466797
1670937146.89125,488499,376.913330078125
1670937184.82017,489499,95.4451904296875
1670937203.92595,489999,232.035034179688
1670937261.13087,491499,295.840454101562
1670937338.02199,493499,60.8296890258789
1670937413.46976,495499,291.375823974609
1670937451.75772,496499,112.39656829834
1670937489.36884,497499,225.437591552734
1670937527.28105,498499,194.514083862305
1670937564.91426,499499,423.497283935547
1670937584.01353,499999,106.89013671875
1670937640.87721,501499,148.059265136719
1670937659.98508,501999,89.9254989624023
1670937678.94602,502499,32.1181449890137
1670937715.96172,503499,141.523818969727
1670937811.30957,505999,317.13623046875
1670937849.61277,506999,126.572929382324
1670937887.94067,507999,109.196929931641
1670937925.45624,508999,115.734794616699
1670938021.35598,511499,441.359283447266
1670938097.38036,513499,184.588562011719
1670938135.65836,514499,109.460914611816
1670938154.70752,514999,62.6881408691406
1670938269.53238,517999,262.365051269531
1670938288.70916,518499,344.987762451172
1670938307.86938,518999,37.4382209777832
1670938327.00071,519499,141.182495117188
1670938345.76904,519999,206.590591430664
1670938422.20808,521999,195.066452026367
1670938479.11189,523499,215.377838134766
1670938593.51592,526499,70.6871185302734
1670938612.31299,526999,71.4982833862305
1670938670.34119,528499,55.5108337402344
1670938708.74007,529499,296.855987548828
1670938727.88343,529999,101.930358886719
1670938747.11483,530499,241.974731445312
1670938784.89186,531499,178.17724609375
1670938841.55072,532999,19.2331504821777
1670938879.68633,533999,368.487762451172
1670938917.91522,534999,419.219360351562
1670938936.48373,535499,198.192947387695
1670938955.46511,535999,274.091094970703
1670938974.17337,536499,357.984649658203
1670938993.23214,536999,341.669708251953
1670939012.19725,537499,122.612884521484
1670939069.3496,538999,222.849822998047
1670939088.28374,539499,103.947303771973
1670939126.85374,540499,445.147247314453
1670939145.9801,540999,167.077819824219
1670939164.91839,541499,78.766975402832
1670939221.3607,542999,91.4747695922852
1670939239.79723,543499,102.041549682617
1670939258.85811,543999,62.8459320068359
1670939334.90878,545999,138.701110839844
1670939468.93076,549499,76.0589294433594
1670939507.05306,550499,225.085403442383
1670939545.50959,551499,129.813842773438
1670939564.13043,551999,313.785095214844
1670939582.69399,552499,92.2971801757813
1670939640.55452,553999,342.000549316406
1670939679.02391,554999,340.623840332031
1670939716.83321,555999,64.9738159179688
1670939735.79263,556499,187.623962402344
1670939773.83567,557499,102.048049926758
1670939870.34592,559999,378.228668212891
1670939908.59122,560999,58.5427398681641
1670939928.32207,561499,449.094146728516
1670939987.10875,562999,205.357894897461
1670940006.85273,563499,479.824432373047
1670940046.26905,564499,421.873504638672
1670940065.86274,564999,52.8516807556152
1670940104.05014,565999,397.835571289062
1670940123.17799,566499,207.824783325195
1670940161.35729,567499,33.9266700744629
1670940180.54514,567999,397.263244628906
1670940199.80937,568499,185.786437988281
1670940256.89139,569999,477.585815429688
1670940313.84805,571499,364.635498046875
1670940390.37055,573499,114.95915222168
1670940428.87735,574499,475.505584716797
1670940466.16075,575499,79.0283126831055
1670940485.90513,575999,457.902648925781
1670940505.64404,576499,170.136962890625
1670940525.40982,576999,456.845489501953
1670940662.45686,580499,297.285369873047
1670940701.38911,581499,203.372543334961
1670940740.61637,582499,111.376663208008
1670940798.06372,583999,467.688049316406
1670940913.78985,586999,195.824630737305
1670940932.78628,587499,60.4368019104004
1670940970.59757,588499,97.1236877441406
1670940989.16389,588999,376.799713134766
1670941008.29389,589499,226.749496459961
1670941084.8176,591499,159.216491699219
1670941122.3728,592499,113.728248596191
1670941160.54207,593499,225.116165161133
1670941198.78558,594499,132.424301147461
1670941218.05566,594999,396.103881835938
1670941237.24944,595499,379.373321533203
1670941294.75419,596999,157.469741821289
1670941313.92256,597499,400.860534667969
1670941332.77316,597999,383.044097900391
1670941370.2342,598999,296.181945800781
1670941388.87666,599499,230.2978515625
1670941446.48003,600999,477.538543701172
1670941523.27368,602999,106.697135925293
1670941542.59356,603499,403.043395996094
1670941561.7992,603999,200.958435058594
1670941600.18649,604999,190.515975952148
1670941676.52042,606999,124.731239318848
1670941695.47053,607499,473.504699707031
1670941772.29528,609499,345.996795654297
1670941867.98886,611999,102.31462097168
1670941906.18051,612999,86.3643569946289
1670941982.16297,614999,283.078125
1670942039.9905,616499,459.305816650391
1670942059.06514,616999,383.193420410156
1670942154.6645,619499,380.267639160156
1670942192.72842,620499,68.5509262084961
1670942249.86656,621999,352.162200927734
1670942269.30368,622499,391.019195556641
1670942307.28511,623499,77.3837814331055
1670942365.01942,624999,381.292541503906
1670942384.17334,625499,78.4526672363281
1670942403.26978,625999,104.156707763672
1670942422.00082,626499,152.074462890625
1670942460.10145,627499,343.266418457031
1670942497.5427,628499,84.744270324707
1670942516.32823,628999,63.7568969726563
1670942574.23359,630499,401.783660888672
1670942593.3322,630999,325.404052734375
1670942707.69583,633999,342.645477294922
1670942783.97656,635999,263.361633300781
1670942879.93979,638499,368.99169921875
1670942898.91739,638999,100.610481262207
1670942917.78192,639499,147.961349487305
1670942993.07993,641499,293.000793457031
1670943049.6856,642999,83.8394165039063
1670943145.08018,645499,129.522811889648
1670943202.37007,646999,288.149108886719
1670943296.76937,649499,193.152221679688
1670943315.49219,649999,378.398010253906
1670943372.31397,651499,30.6704483032227
1670943447.42248,653499,154.636093139648
1670943523.72602,655499,180.498718261719
1670943619.60609,657999,139.247192382813
1670943715.12368,660499,363.135070800781
1670943751.82837,661499,79.5228729248047
1670943809.22267,662999,235.867553710937
1670943828.06727,663499,471.513641357422
1670943866.41403,664499,208.071014404297
1670943998.35122,667999,111.487098693848
1670944167.70567,672499,353.415649414063
1670944185.72006,672999,71.7187805175781
1670944223.74894,673999,156.453536987305
1670944242.42345,674499,251.134902954102
1670944299.12009,675999,135.31428527832
1670944318.22414,676499,88.60595703125
1670944356.73246,677499,398.759063720703
1670944432.73945,679499,270.721954345703
1670944471.11387,680499,159.308944702148
1670944546.04342,682499,351.9892578125
1670944565.00545,682999,72.7300796508789
1670944584.13254,683499,357.825439453125
1670944603.29707,683999,158.074279785156
1670944622.2896,684499,319.639587402344
1670944698.25404,686499,74.8838348388672
1670944755.12036,687999,346.328887939453
1670944774.4461,688499,397.043304443359
1670944850.4235,690499,340.224914550781
1670944945.08829,692999,451.255493164063
1670944964.17769,693499,439.44482421875
1670945040.04424,695499,296.370910644531
1670945097.92931,696999,160.080841064453
1670945174.68901,698999,48.0233879089356
1670945537.53802,708499,38.4580764770508
1670945556.67038,708999,84.2736968994141
1670945632.37404,710999,366.861602783203
1670945821.34676,715999,86.9246139526367
1670945840.38393,716499,367.979400634766
1670945916.64183,718499,342.886505126953
1670945955.16392,719499,440.907501220703
1670945973.89575,719999,433.563720703125
1670945992.94109,720499,119.73966217041
1670946012.26445,720999,393.951751708984
1670946068.60535,722499,36.7740135192871
1670946125.04112,723999,297.679168701172
1670946163.84177,724999,290.862976074219
1670946203.137,725999,163.51106262207
1670946222.83877,726499,191.76921081543
1670946262.27557,727499,135.869781494141
1670946282.10145,727999,161.751998901367
1670946321.8555,728999,266.432556152344
1670946341.77158,729499,164.356521606445
1670946361.5261,729999,291.40576171875
1670946381.16636,730499,50.8377456665039
1670946400.62558,730999,454.864532470703
1670946440.07284,731999,207.874130249023
1670946576.36462,735499,204.967132568359
1670946634.26968,736999,408.057098388672
1670946653.74994,737499,130.513137817383
1670946692.27113,738499,400.071929931641
1670946827.25694,741999,145.32194519043
1670946905.46787,743999,458.180633544922
1670946944.62855,744999,206.983184814453
1670946963.72369,745499,59.0455894470215
1670947021.8624,746999,60.4010620117188
1670947040.84688,747499,143.963928222656
1670947118.02976,749499,113.585861206055
1670947137.46915,749999,197.145324707031
1670947156.63639,750499,236.028076171875
1670947194.94679,751499,395.050109863281
1670947328.69106,754999,155.328308105469
1670947347.73564,755499,91.0726318359375
1670947366.92356,755999,177.867752075195
1670947405.23855,756999,112.301651000977
1670947443.61171,757999,255.12548828125
1670947462.77643,758499,363.771575927734
1670947596.91809,761999,139.130401611328
1670947692.08495,764499,392.769927978516
1670947806.59751,767499,456.588623046875
1670947863.87386,768999,211.040115356445
1670947882.96187,769499,57.8585662841797
1670947940.75682,770999,73.1183776855469
1670948074.8974,774499,38.9786834716797
1670948132.4435,775999,414.443298339844
1670948151.24986,776499,133.664672851563
1670948170.13758,776999,29.6983680725098
1670948341.28815,781499,333.943176269531
1670948398.88952,782999,127.170600891113
1670948417.86045,783499,361.170135498047
1670948456.00733,784499,448.156951904297
1670948494.65054,785499,468.913299560547
1670948514.03443,785999,61.0866394042969
1670948533.34758,786499,465.159393310547
1670948552.60536,786999,298.111572265625
1670948609.98577,788499,321.580627441406
1670948648.20109,789499,383.310791015625
1670948686.0164,790499,298.291656494141
1670948705.2927,790999,390.887084960938
1670948724.61208,791499,99.3169021606445
1670948782.25536,792999,162.629684448242
1670948877.93368,795499,417.401763916016
1670948973.21722,797999,107.61206817627
1670948992.22587,798499,471.130523681641
1670949010.79981,798999,100.676208496094
1670949086.12101,800999,146.043319702148
1670949105.08261,801499,394.206329345703
1670949124.25181,801999,366.837219238281
1670949277.68932,805999,325.452758789062
1670949316.01394,806999,450.185974121094
1670949334.46534,807499,147.181350708008
1670949372.07921,808499,96.2760620117188
1670949487.21467,811499,39.0135917663574
1670949525.30252,812499,465.945434570313
1670949582.98898,813999,414.276611328125
1670949659.58366,815999,369.872222900391
1670949735.34251,817999,120.235168457031
1670949773.41126,818999,305.887756347656
1670949830.67136,820499,114.469009399414
1670949849.82132,820999,461.039093017578
1670949945.58119,823499,357.817962646484
1670949964.54041,823999,55.0178070068359
1670950002.819,824999,79.7247619628906
1670950041.11069,825999,213.878997802734
1670950060.33692,826499,354.759979248047
1670950079.5013,826999,154.961410522461
1670950098.63645,827499,404.651458740234
1670950136.84383,828499,190.442123413086
1670950175.0646,829499,82.1630325317383
1670950251.00086,831499,164.89892578125
1670950289.57144,832499,97.7181625366211
1670950327.59813,833499,438.198059082031
1670950384.80035,834999,430.080078125
1670950403.95802,835499,448.094268798828
1670950479.99359,837499,77.0804672241211
1670950536.47257,838999,114.072280883789
1670950574.64217,839999,207.692153930664
1670950593.61592,840499,321.76318359375
1670950631.74616,841499,198.078567504883
1670950687.59694,842999,28.541296005249
1670950705.72529,843499,117.059745788574
1670950724.71164,843999,215.631484985352
1670950743.87869,844499,98.5170288085937
1670950839.58074,846999,281.269348144531
1670950858.28684,847499,80.8379211425781
1670950877.74187,847999,102.723205566406
1670950953.34577,849999,404.069793701172
1670950972.42775,850499,365.937713623047
1670951010.91121,851499,135.030166625977
1670951048.89156,852499,132.231307983398
1670951105.76772,853999,257.343414306641
1670951143.5497,854999,63.3196487426758
1670951161.9208,855499,13.2365417480469
1670951179.96936,855999,54.9793090820313
1670951197.96986,856499,61.9156188964844
1670951312.6694,859499,47.0036277770996
1670951388.12394,861499,13.0908441543579
1670951407.15308,861999,76.9724578857422
1670951426.06023,862499,132.764297485352
1670951445.1861,862999,187.189468383789
1670951539.55479,865499,197.102172851563
1670951693.06149,869499,45.9891357421875
1670951712.64521,869999,128.196228027344
1670951788.72279,871999,91.0789947509766
1670951826.59357,872999,40.3215789794922
1670951883.59763,874499,120.335388183594
1670951902.61896,874999,146.086883544922
1670951921.1042,875499,101.600166320801
1670951939.98396,875999,162.213577270508
1670951977.88959,876999,386.688903808594
1670951996.70989,877499,66.5390930175781
1670952054.15776,878999,86.0199737548828
1670952151.69664,881499,209.438568115234
1670952171.39031,881999,43.806827545166
1670952211.15556,882999,29.9846897125244
1670952270.51209,884499,253.950347900391
1670952403.80256,887999,54.6723365783691
1670952423.14379,888499,52.1536903381348
1670952442.24687,888999,215.375534057617
1670952498.92791,890499,290.766571044922
1670952575.20805,892499,464.178131103516
1670952594.00841,892999,117.219055175781
1670952613.30095,893499,126.399780273438
1670952670.53143,894999,246.081192016602
1670952689.37834,895499,32.348949432373
1670952727.02844,896499,98.9294357299805
1670952764.86385,897499,125.419410705566
1670952802.75286,898499,81.38623046875
1670952878.04758,900499,19.8237857818604
1670952915.17837,901499,36.8091850280762
1670953028.56233,904499,33.6440887451172
1670953067.36094,905499,42.0557441711426
1670953143.66696,907499,78.7697525024414
1670953238.75565,909999,55.0434112548828
1670953315.56794,911999,58.9701156616211
1670953372.18317,913499,77.6381149291992
1670953391.3231,913999,414.525634765625
1670953429.14863,914999,103.0576171875
1670953448.44164,915499,446.048980712891
1670953486.68793,916499,462.981231689453
1670953505.76128,916999,89.9759140014649
1670953524.7939,917499,443.114288330078
1670953562.62869,918499,166.293899536133
1670953581.72199,918999,402.367645263672
1670953601.01171,919499,413.923583984375
1670953734.47729,922999,188.046447753906
1670953753.6091,923499,183.79541015625
1670953771.84742,923999,88.7040252685547
1670953790.82563,924499,390.73095703125
1670953847.92886,925999,48.4255447387695
1670954018.56011,930499,69.8764877319336
1670954094.10723,932499,4.08953332901001
1670954113.1326,932999,365.29296875
1670954132.09191,933499,33.3825836181641
1670954151.10907,933999,89.6473846435547
1670954226.82959,935999,111.867004394531
1670954245.7122,936499,101.167556762695
1670954283.78597,937499,64.3130416870117
1670954302.82642,937999,204.280044555664
1670954340.71295,938999,191.982467651367
1670954398.00877,940499,322.952911376953
1670954454.95349,941999,6.78206062316895
1670954473.73719,942499,21.030855178833
1670954511.51339,943499,24.6217231750488
1670954549.70708,944499,82.5171737670899
1670954587.81763,945499,70.2898864746094
1670954682.22459,947999,11.3750267028809
1670954757.05249,949999,70.9905242919922
1670954813.97312,951499,120.30004119873
1670954890.07274,953499,26.7758846282959
1670954928.92055,954499,84.7900314331055
1670954948.54769,954999,71.2010726928711
1670954968.07537,955499,43.8242301940918
1670955026.19335,956999,32.6731452941895
1670955123.6208,959499,10.6776056289673
1670955238.27019,962499,430.109558105469
1670955257.09989,962999,24.7505359649658
1670955275.91926,963499,75.0487289428711
1670955331.79855,964999,79.6165084838867
1670955388.38305,966499,35.6530876159668
1670955444.59604,967999,17.5139656066895
1670955463.58422,968499,13.7807722091675
1670955538.95832,970499,77.9599838256836
1670955557.35395,970999,19.2235336303711
1670955576.41542,971499,191.889175415039
1670955633.2777,972999,258.726837158203
1670955671.13992,973999,206.249588012695
1670955726.84168,975499,422.374420166016
1670955745.65398,975999,124.107078552246
1670955784.03741,976999,73.4091567993164
1670955841.09143,978499,90.3163299560547
1670955916.64149,980499,357.894195556641
1670955935.05001,980999,264.402709960937
1670955953.83562,981499,31.7095756530762
1670955972.70336,981999,111.706596374512
1670955991.62982,982499,12.466872215271
1670956029.52165,983499,182.237899780273
1670956048.7252,983999,272.794891357422
1670956067.71282,984499,146.167617797852
1670956086.61608,984999,92.4652328491211
1670956199.88312,987999,20.8807430267334
1670956237.77212,988999,44.3831481933594
1670956275.63212,989999,87.3614349365234
1670956294.42123,990499,31.81298828125
1670956313.30488,990999,15.0926828384399
1670956331.96796,991499,34.4374122619629
1670956350.70947,991999,224.129837036133
1670956388.80181,992999,250.523681640625
1670956425.86454,993999,42.7879371643066
1670956444.93181,994499,239.482116699219
1670956501.37035,995999,146.492111206055
1670956520.39904,996499,28.1926746368408
1670956574.72273,997999,18.7877674102783
1670956968.55164,1008499,49.0009689331055
1670956987.66105,1008999,280.258422851562
1670957063.62501,1010999,33.9887161254883
1670957082.73393,1011499,281.815368652344
1670957101.92791,1011999,250.896133422852
1670957139.64569,1012999,73.4142761230469
1670957158.55568,1013499,21.5598239898682
1670957196.58396,1014499,65.6150970458984
1670957253.52343,1015999,258.106994628906
1670957272.70341,1016499,85.6530303955078
1670957310.73337,1017499,342.775634765625
1670957329.6722,1017999,27.5214767456055
1670957348.14826,1018499,63.8525695800781
1670957423.44542,1020499,341.888275146484
1670957441.85337,1020999,18.3729839324951
1670957481.06715,1021999,284.077362060547
1670957500.24436,1022499,58.1214904785156
1670957556.75403,1023999,41.7265548706055
1670957594.76096,1024999,75.7959899902344
1670957689.93374,1027499,338.942443847656
1670957708.81576,1027999,82.3492965698242
1670957727.18816,1028499,54.2522315979004
1670957745.88476,1028999,371.432800292969
1670957935.93587,1033999,50.3597221374512
1670957955.01715,1034499,315.702575683594
1670957993.27272,1035499,92.4145736694336
1670958069.43984,1037499,65.6801681518555
1670958144.46526,1039499,73.2643356323242
1670958163.55829,1039999,127.66805267334
1670958258.1648,1042499,75.0042953491211
1670958296.84511,1043499,303.252777099609
1670958316.33554,1043999,407.172821044922
1670958355.18421,1044999,42.5214691162109
1670958373.96231,1045499,44.150562286377
1670958393.94795,1045999,132.019012451172
1670958470.99532,1047999,142.085342407227
1670958508.83467,1048999,31.2959175109863
1670958527.97127,1049499,155.299179077148
1670958565.61323,1050499,206.150497436523
1670958621.85641,1051999,97.8128356933594
1670958640.2927,1052499,235.463958740234
1670958659.11296,1052999,71.9636459350586
1670958678.37152,1053499,388.776763916016
1670958735.27798,1054999,129.624664306641
1670958754.52906,1055499,182.229827880859
1670958830.69205,1057499,336.498687744141
1670958849.72882,1057999,43.7768020629883
1670958926.00874,1059999,204.891448974609
1670958945.0255,1060499,59.1728515625
1670958983.45363,1061499,278.519439697266
1670959002.69935,1061999,64.3247680664063
1670959021.72492,1062499,162.927978515625
1670959077.90951,1063999,201.198623657227
1670959209.49179,1067499,259.700164794922
1670959228.25873,1067999,88.4749526977539
1670959247.22765,1068499,33.7069778442383
1670959304.10745,1069999,30.6970558166504
1670959376.98173,1071999,328.295776367188
1670959491.09594,1074999,381.919494628906
1670959509.32097,1075499,2.37653040885925
1670959585.06897,1077499,37.4988250732422
1670959604.11689,1077999,237.310882568359
1670959679.95764,1079999,51.5341644287109
1670959698.86528,1080499,26.5262870788574
1670959717.77332,1080999,83.2272186279297
1670959736.30723,1081499,433.054046630859
1670959868.77316,1084999,41.4688339233399
1670959944.41427,1086999,9.96514511108398
1670959982.25709,1087999,51.6419563293457
1670960001.58118,1088499,154.051513671875
1670960133.02744,1091999,436.246704101563
1670960170.53553,1092999,247.991653442383
1670960208.53169,1093999,249.684143066406
1670960246.29998,1094999,128.323867797852
1670960340.97338,1097499,371.930114746094
1670960435.56936,1099999,304.495056152344
1670960473.61582,1100999,409.618621826172
1670960492.58975,1101499,58.147891998291
1670960511.61379,1101999,226.73893737793
1670960568.15269,1103499,483.68798828125
1670960624.98149,1104999,124.647346496582
1670960663.00471,1105999,371.831115722656
1670960681.76314,1106499,40.848575592041
1670960719.92617,1107499,208.115386962891
1670960739.16352,1107999,378.443542480469
1670960758.08377,1108499,61.7552032470703
1670960853.3135,1110999,333.718078613281
1670960872.01851,1111499,258.532653808594
1670960890.76279,1111999,59.9106407165527
1670960928.06178,1112999,436.884460449219
1670960965.87254,1113999,39.1861534118652
1670961081.27731,1116999,432.088195800781
1670961137.86427,1118499,39.1626091003418
1670961194.71469,1119999,50.0499610900879
1670961251.29923,1121499,51.4086074829102
1670961289.25352,1122499,429.256408691406
1670961478.52878,1127499,396.698516845703
1670961534.75734,1128999,324.836242675781
1670961554.04127,1129499,357.650482177734
1670961667.4129,1132499,37.9023590087891
1670961705.47094,1133499,105.735015869141
1670961724.22831,1133999,38.7641181945801
1670961857.96509,1137499,241.576629638672
1670961895.87815,1138499,334.388916015625
1670961972.27605,1140499,86.8676986694336
1670961991.39729,1140999,472.968658447266
1670962068.4049,1142999,425.968475341797
1670962185.36133,1145999,116.913856506348
1670962204.27829,1146499,469.608612060547
1670962223.44188,1146999,302.606964111328
1670962355.1604,1150499,373.033599853516
1670962450.06034,1152999,400.262634277344
1670962469.31852,1153499,446.461730957031
1670962488.44867,1153999,127.579597473145
1670962526.66474,1154999,158.858901977539
1670962564.19421,1155999,91.8847961425781
1670962639.85247,1157999,188.7421875
1670962659.78786,1158499,328.584747314453
1670962717.26339,1159999,191.808181762695
1670962812.48733,1162499,422.327667236328
1670962927.27872,1165499,302.98193359375
1670962964.73353,1166499,430.248382568359
1670963022.06414,1167999,429.657928466797
1670963116.63627,1170499,56.9021453857422
1670963154.70271,1171499,427.935577392578
1670963173.50334,1171999,224.505004882812
1670963192.56485,1172499,378.200134277344
1670963230.86069,1173499,230.262329101562
1670963250.12031,1173999,165.835632324219
1670963269.48412,1174499,185.009017944336
1670963326.51719,1175999,57.3707847595215
1670963345.64919,1176499,398.915893554687
1670963364.58997,1176999,63.7426910400391
1670963441.07368,1178999,207.106063842773
1670963478.90756,1179999,63.8670425415039
1670963536.61798,1181499,419.131042480469
1670963593.38188,1182999,434.430633544922
1670963650.88581,1184499,365.011108398437
1670963707.86554,1185999,199.535278320313
1670963745.72788,1186999,124.26335144043
1670963841.43319,1189499,199.446502685547
1670963954.85574,1192499,426.760559082031
1670964048.87355,1194999,423.919311523438
1670964086.28927,1195999,82.7750549316406
1670964124.95168,1196999,239.759735107422
1670964144.11729,1197499,267.726593017578
1670964163.07385,1197999,371.978240966797
1670964182.42562,1198499,255.621871948242
1670964202.06423,1198999,323.118743896484
1670964221.62473,1199499,268.090179443359
1670964279.29442,1200999,92.285041809082
1670964412.26605,1204499,340.509826660156
1670964468.93753,1205999,94.4606704711914
1670964488.06011,1206499,138.913467407227
1670964544.30493,1207999,248.023254394531
1670964620.18013,1209999,86.0368957519531
1670964790.91565,1214499,112.219100952148
1670964849.1198,1215999,176.472442626953
1670964924.94847,1217999,224.024459838867
1670964943.55501,1218499,87.3465957641602
1670964981.51857,1219499,440.959594726563
1670965000.71074,1219999,295.875915527344
1670965038.84124,1220999,314.52392578125
1670965058.0096,1221499,211.391632080078
1670965171.09343,1224499,23.6732654571533
1670965284.74837,1227499,308.872222900391
1670965360.73105,1229499,332.211242675781
1670965379.71802,1229999,198.95393371582
1670965436.81437,1231499,98.0829391479492
1670965474.99074,1232499,217.385192871094
1670965494.14231,1232999,95.0845947265625
1670965532.11633,1233999,342.622802734375
1670965571.60927,1234999,216.923110961914
1670965649.01743,1236999,71.3089370727539
1670965687.28538,1237999,274.681427001953
1670965725.82276,1238999,169.835235595703
1670965861.72843,1242499,320.627838134766
1670965880.86613,1242999,256.501708984375
1670965957.78313,1244999,167.337509155273
1670966033.7969,1246999,175.135299682617
1670966091.20922,1248499,207.066116333008
1670966129.34165,1249499,235.407531738281
1670966148.74986,1249999,325.296447753906
